Clinic,Jan,Feb,Mar,Apr,May,Jun,Jul,Aug,Sep,Oct,Nov,Dec
Harbor Community Health Center,245,231,260,278,290,301,315,309,287,295,310,325
Riverside Family Health Clinic,190,205,198,220,235,241,250,263,255,270,268,280
Central Community Health Center,310,298,325,340,355,348,370,365,380,392,401,415
Eastside Family Clinic,155,162,170,168,180,195,201,210,205,218,225,230
Westview Community Health Center,270,265,280,295,310,320,318,330,342,350,360,375
Northside Health Clinic,225,218,240,251,260,272,280,275,290,298,305,315
Greenwood Family Health Center,180,175,192,205,215,220,230,238,242,250,255,265
Lakeside Community Clinic,290,282,300,315,325,340,350,345,360,372,380,395
Parkview Health Center,205,212,220,230,242,250,245,260,268,275,285,292
Hillcrest Community Clinic,165,170,182,190,198,205,215,220,228,235,240,250
