Country,Item,2000,2001,2002,2003,2004,2005,2006,2007,2008,2009,2010,2011,2012,2013,2014,2015,2016,2017,2018,2019,2020,2021,2022,2023
Australia,Cattle meat,1987902,2078900,2089742,1997563,2112892,2090272,2188318,2168946,2138328,2106385,2128598,2129021,2152031,2359064,2595149,2661640,2315994,2068616,2308547,2431810,2125135,1893742,1889171,2234836
Australia,Chicken meat,610000,627340,699528,681487,722471,755197,797416,812885,805373,828594,934352,1012542,1046748,1066506,1103069,1115543,1191322,1229505,1212549,1226601,1270768,1337317,1364171,1413189
Australia,Cow milk,10847000,10547000,11271000,10328000,10076000,10127000,10089000,9583000,9223000,9388000,9023000,9101000,9480132,9522000,9542000,9489000,9680907,9015779,9289000,8845000,9099000,9067000,8450000,8467000
Australia,Hen eggs,143000,141000,139500,130400,132000,138600,171300,161700,160000,159328,174000,205200,214686,240925,231686,229278,236662,247579,258928,255527,241295,269137,225991,240010
Brazil,Cattle meat,6578800,6823600,7139000,7230000,7774000,6345810,6886583,7048995,6621374,6661633,6977484,6783537,7351147,8166720,9723000,8063225,7358778,7681538,7989516,8218851,7824888,7456261,8012320,8962423
Brazil,Chicken meat,5980600,6208000,7050000,7760000,8668000,7865780,8164003,8988035,10215540,9940350,10692556,11421730,11534972,11964353,12504387,13149202,13234959,13607352,13511750,13516525,13787480,12629630,12875358,13293837
Brazil,Cow milk,20379988,21145800,22314700,22943732,24202408,25384106,26185564,26137266,28440492,29085496,31636924,33059100,33273554,35282893,36178091,35647876,34690813,34311513,34925136,35966213,36376167,36238558,35590786,36305658
Brazil,Hen eggs,1732489,1767223,1776682,1804014,1856162,1925219,2023488,2045876,2124122,2216851,2252054,2356749,2413932,2521667,2607132,2629071,2665141,2923610,3070381,3192601,3300143,3334813,3349748,3440030
China,Cattle meat,4642024,4598595,4717489,4902101,5063849,5133544,5333410,5654618,5573776,5650689,5676946,5511545,5547100,5532760,5556252,5566158,5565957,5725596,5810391,6019955,6066400,6292088,6479415,6789201
China,Chicken meat,9064191,8850869,9173395,9448184,9483505,9965390,10164829,10724950,11299421,11747791,12184797,12582062,13336726,13127568,12830527,13343845,13808618,13861132,14583728,14457110,15283852,15409370,15006949,15483431
China,Cow milk,8632308,10601189,13355933,17817517,22928777,27837329,29769300,29793326,30421607,30272808,30725096,31449954,32097549,30366206,31962205,32173559,31018548,30772631,31165043,32444333,34837215,37276274,39779455,42439009
China,Hen eggs,22212689,22496657,23039358,23710758,24080990,24725919,24598335,25655635,27374230,27772965,27992140,28475990,28978226,29127047,29338620,30867725,32011207,31377711,31690941,33514893,35114414,34529102,35000569,36054385
France,Cattle meat,1527600,1561442,1646277,1632047,1577971,1546741,1486675,1502561,1502901,1515808,1530258,1566806,1493865,1400331,1410854,1447906,1466099,1432780,1460000,1428460,1434590,1424320,1361310,1301420
France,Chicken meat,1142755,1164714,1088581,1051540,1017662,1054394,928877,1027391,1049150,1035308,1064308,1086838,1094076,1119868,1141610,1160040,1147333,1161745,1131000,1121000,1130000,1143000,1114430,1128280
France,Cow milk,23165509,23074188,23435685,22910911,22689836,23128947,22674753,22768718,23564860,22653085,23301219,24361094,23998422,23747341,24978950,25068226,25627060,25539489,25055100,25062000,25234840,24760620,24606350,23993580
France,Hen eggs,987885,1028200,996200,995900,1021000,930100,908300,878400,873973,901700,946500,865900,845300,945952,956379,970000,816297,877856,,,,,,
Germany,Cattle meat,1303500,1361500,1316375,1226235,1258000,1166900,1193180,1185724,1199431,1189615,1205002,1170376,1146255,1116507,1142603,1132340,1155483,1137008,1109000,1107000,1092030,1080430,994910,1004600
Germany,Chicken meat,461500,476000,476500,548500,609400,605117,608418,687696,746942,785869,837134,895880,903293,950940,1027100,1027400,999070,1009565,1021000,1036000,1066000,1080000,1076000,1086000
Germany,Cow milk,28331216,28191000,27874440,28533320,28244730,28452950,27995000,28402772,28656256,29163676,29616284,30323464,30672154,31324238,32394968,32684572,32672340,32598198,33086810,33080180,33164910,32506910,32399050,34012620
Germany,Hen eggs,901000,887000,868000,825000,813000,795000,796500,785600,789600,699000,662400,782300,759300,780800,786500,801100,818300,826200,846000,938100,966700,981200,977100,967400
India,Cattle meat,,,,,,,,,,,,,,,,,,,,,,,,
India,Chicken meat,864000,923000,1088000,1210000,1304000,1403000,1518000,1755000,1884000,2087000,2193000,2483100,2681600,2848922,3045100,3263810,3444763,3766940,4061790,4343702,4472690,4617943,4779600,4995490
India,Cow milk,32967000,34516000,34612000,34973000,37344000,39759000,42066000,46822000,49810000,52200000,54903000,57770000,59805248,62194872,66423450,73645390,78098880,83633570,89833590,96646932,108306664,115839640,119677594,127105138
India,Hen eggs,2035000,2151000,2212000,2244000,2511000,2568000,2814000,2947000,3047000,3230000,3378100,3466340,3655000,3835205,4111360,4316620,4561000,4847500,5236935,6291071,6712675,7128000,7610695,7852438
Kenya,Cattle meat,256619,282096,318650,342700,350200,396200,430000,445000,458000,483000,462000,458000,410600,425000,442571,487176,200293,172061,200771,329187,244217,250607,222881,237907
Kenya,Chicken meat,16819,28580,19689,20785,19174,19846,21460,23460,24284,25176,27144,21515,21650,23754,22000,33000,64000,106473,131683,88719,69212,89450,93340,93622
Kenya,Cow milk,2224000,2512586,2890685,2898446,3392400,3752200,3700080,3202387,3208946,3567247,3638592,3711364,3732960,3686431,3424954,3444214,4115000,3560702,3778207,4102750,4169560,4780090,4742430,4705660
Kenya,Hen eggs,60700,54750,49900,57600,60000,57850,66700,68600,76560,81015,92559,81997,83229,81823,71325,77406,84132,79389,91065,98544,110370,89610,73000,90993
United States of America,Cattle meat,12016583,12195753,11890031,12334552,11947637,11180612,11242845,11909626,12030872,12091245,11818953,11969954,11916067,11788608,11698116,10817307,11507221,11943486,12255874,12384649,12388505,12733653,12889961,12286638
United States of America,Chicken meat,14072482,14415894,14871856,15082695,15679617,16275452,16331289,16627438,16994092,16334044,16970632,17111218,17035082,17396797,17729278,18402753,18708465,19140570,19568042,20197090,18814264,19230123,19841239,19901890
United States of America,Cow milk,75928209,74993355,77139301,77268575,77488114,80254574,82454951,84211262,86172596,85820608,87487560,89019796,91009706,91276872,93464549,94618978,96366267,97761519,98687302,99083289,101291379,102619953,102700692,102653065
United States of America,Hen eggs,5017000,5099000,5167000,5183000,5283000,5350000,5436000,5395000,5344000,5374000,5437000,5475000,5589000,5778000,5974000,5756587,6046956,6350756,6518471,6706770,6658784,6639446,6528357,6535414
